"ton_ha","year"
8.3694012,1999
8.6511484,2000
8.1593486,2001
5.4487896,2002
11.2271228,2003
9.9479402,2004
10.4887942,2005
9.458656,2006
9.6246856,2007
8.200856,2008
10.1491882,2009
9.961776,2010
10.2963508,2011
8.6247346,2012
10.603254,2013
11.169264,2014
9.37061,2015
9.659904,2016
11.1415924,2017
11.1592016,2018
10.94286,2019
10.2498122,2020
12.062302,2021
