"ton_ha","year"
4.7344,1999
4.94422,2000
4.617385,2001
4.423705,2002
4.77206,2003
4.5192,2004
4.805685,2005
4.60528,2006
4.33359,2007
4.4654,2008
4.768025,2009
4.520545,2010
4.106285,2011
4.61783333333333,2012
4.573,2013
5.002055,2014
4.73944375,2015
5.36386,2016
5.16749,2017
5.168835,2018
3.484895,2019
4.85276,2020
5.74315,2021
5.49208333333333,2022
